Country,Today,6M_Ago,1Y_Ago
Germany,2.6733333333333302,2.5105,2.2295652173913
France,3.42,3.26,2.99
Japan,1.6,1.31,0.935
UK,4.6369,4.5762,4.1993
Switzerland,0.3779999999999998,0.326,0.451
Canada,3.425,3.1085714285714303,3.1863636363636405
Australia,4.275,4.267,4.267
